Region,Country,Sex,Year,Prevalence of Obesity,Prevalence of Raised BP,Prevalence of Diabetes
North America,United States of America,Male,1990,0.169628235,0.211804602,0.056699552
North America,United States of America,Male,1991,0.175420291,0.206928949,0.058035132
North America,United States of America,Male,1992,0.175420291,0.202293031,0.059406382
North America,United States of America,Male,1993,0.187733473,0.197942227,0.060801729
North America,United States of America,Male,1994,0.194221424,0.193904907,0.062224296
North America,United States of America,Male,1995,0.200871469,0.190125712,0.063644935
North America,United States of America,Male,1996,0.207704296,0.186612216,0.065073424
North America,United States of America,Male,1997,0.214762985,0.183334062,0.06644578
North America,United States of America,Male,1998,0.222026666,0.180388214,0.067797662
North America,United States of America,Male,1999,0.229522934,0.177710356,0.069118784
North America,United States of America,Male,2000,0.237149618,0.175225703,0.070364508
North America,United States of America,Female,1990,0.207692945,0.153007303,0.04873834
North America,United States of America,Female,1991,0.213705984,0.150075475,0.049512641
North America,United States of America,Female,1992,0.219830693,0.147352211,0.050313103
North America,United States of America,Female,1993,0.225950759,0.144800951,0.051133153
North America,United States of America,Female,1994,0.23221012,0.142366851,0.051986014
North America,United States of America,Female,1995,0.238524744,0.140049823,0.052860272
North America,United States of America,Female,1996,0.244973402,0.137825711,0.05374673
North America,United States of America,Female,1997,0.251551306,0.135660973,0.054618061
North America,United States of America,Female,1998,0.258236094,0.133597783,0.055485641
North America,United States of America,Female,1999,0.265037645,0.131576478,0.056343188
North America,United States of America,Female,2000,0.271820691,0.129574268,0.057158949
North America,Canada,Male,1990,0.138725149,0.278253593,0.055022528
North America,Canada,Male,1991,0.143198418,0.273265376,0.055774517
North America,Canada,Male,1992,0.147678194,0.268233499,0.056476618
North America,Canada,Male,1993,0.152247945,0.263047176,0.057148338
North America,Canada,Male,1994,0.156992374,0.257814342,0.057773802
North America,Canada,Male,1995,0.161832277,0.252601059,0.058372306
North America,Canada,Male,1996,0.166795807,0.247308851,0.058944557
North America,Canada,Male,1997,0.17198884,0.241905626,0.059454538
North America,Canada,Male,1998,0.177474628,0.236552236,0.059923662
North America,Canada,Male,1999,0.183239225,0.231252389,0.060352212
North America,Canada,Male,2000,0.189282583,0.226036948,0.060748027
North America,Canada,Female,1990,0.164339949,0.194432471,0.043926278
North America,Canada,Female,1991,0.169234906,0.19072673,0.04438635
North America,Canada,Female,1992,0.174021977,0.187105763,0.044812835
North America,Canada,Female,1993,0.178881313,0.183452449,0.045231933
North America,Canada,Female,1994,0.183880636,0.179798172,0.045637009
North America,Canada,Female,1995,0.188952701,0.176145133,0.046019956
North America,Canada,Female,1996,0.194110294,0.172445281,0.046376101
North America,Canada,Female,1997,0.199524176,0.168648032,0.046706161
North America,Canada,Female,1998,0.205138444,0.164835448,0.046995711
North America,Canada,Female,1999,0.210952381,0.161021577,0.047251427
North America,Canada,Female,2000,0.216925367,0.157234155,0.047470968
Central Latin America ,Mexico,Male,1990,0.116085001,0.272571307,0.076973265
Central Latin America ,Mexico,Male,1991,0.120458659,0.270144748,0.078737999
Central Latin America ,Mexico,Male,1992,0.124969647,0.267836292,0.080577018
Central Latin America ,Mexico,Male,1993,0.129618877,0.26564382,0.082424299
Central Latin America ,Mexico,Male,1994,0.134346273,0.263493594,0.084292332
Central Latin America ,Mexico,Male,1995,0.138636715,0.261304086,0.086001475
Central Latin America ,Mexico,Male,1996,0.143010541,0.259017069,0.087625627
Central Latin America ,Mexico,Male,1997,0.147514841,0.256565747,0.089177032
Central Latin America ,Mexico,Male,1998,0.152169577,0.25405052,0.090647565
Central Latin America ,Mexico,Male,1999,0.156917636,0.251562798,0.092057373
Central Latin America ,Mexico,Male,2000,0.161907896,0.249115374,0.093483145
Central Latin America ,Mexico,Female,1990,0.19619234,0.268059996,0.077918091
Central Latin America ,Mexico,Female,1991,0.201195225,0.264260341,0.079798419
Central Latin America ,Mexico,Female,1992,0.206436043,0.26045442,0.081736426
Central Latin America ,Mexico,Female,1993,0.211855519,0.256616597,0.083721222
Central Latin America ,Mexico,Female,1994,0.217361973,0.252772751,0.085688484
Central Latin America ,Mexico,Female,1995,0.222170262,0.248929872,0.087513021
Central Latin America ,Mexico,Female,1996,0.227180331,0.244974588,0.089295672
Central Latin America ,Mexico,Female,1997,0.232432103,0.240944551,0.091038993
Central Latin America ,Mexico,Female,1998,0.237797439,0.236842023,0.092748242
Central Latin America ,Mexico,Female,1999,0.243163926,0.232682646,0.094395369
Central Latin America ,Mexico,Female,2000,0.248717351,0.228527231,0.096027915
Central Latin America ,Costa Rica,Male,1990,0.074880125,0.256487796,0.054676201
Central Latin America ,Costa Rica,Male,1991,0.078080264,0.254734422,0.055959101
Central Latin America ,Costa Rica,Male,1992,0.081581086,0.252909792,0.057248624
Central Latin America ,Costa Rica,Male,1993,0.085361705,0.251202273,0.058596013
Central Latin America ,Costa Rica,Male,1994,0.089306942,0.249485576,0.060013982
Central Latin America ,Costa Rica,Male,1995,0.093429904,0.247869101,0.061565946
Central Latin America ,Costa Rica,Male,1996,0.09758257,0.246336467,0.063209376
Central Latin America ,Costa Rica,Male,1997,0.101876761,0.244828995,0.06494507
Central Latin America ,Costa Rica,Male,1998,0.106429401,0.243337024,0.066772534
Central Latin America ,Costa Rica,Male,1999,0.111112163,0.24183047,0.068572112
Central Latin America ,Costa Rica,Male,2000,0.11564941,0.240215571,0.070284558
Central Latin America ,Costa Rica,Female,1990,0.140632873,0.22776032,0.055377286
Central Latin America ,Costa Rica,Female,1991,0.145523411,0.226115119,0.056720477
Central Latin America ,Costa Rica,Female,1992,0.150835089,0.224268516,0.058074413
Central Latin America ,Costa Rica,Female,1993,0.156406709,0.222350016,0.059432007
Central Latin America ,Costa Rica,Female,1994,0.162148114,0.220278291,0.060829315
Central Latin America ,Costa Rica,Female,1995,0.168101554,0.218112765,0.062323629
Central Latin America ,Costa Rica,Female,1996,0.174050814,0.215802427,0.06386091
Central Latin America ,Costa Rica,Female,1997,0.180222745,0.213416654,0.065468389
Central Latin America ,Costa Rica,Female,1998,0.186747142,0.211026049,0.067161527
Central Latin America ,Costa Rica,Female,1999,0.193369326,0.208634613,0.068841842
Central Latin America ,Costa Rica,Female,2000,0.199670637,0.206178478,0.070437901
Central Latin America ,El Savador ,Male,1990,0.06455998,0.241748908,0.06171898
Central Latin America ,El Savador ,Male,1991,0.066893223,0.239998903,0.063151185
Central Latin America ,El Savador ,Male,1992,0.069468566,0.238227221,0.064638241
Central Latin America ,El Savador ,Male,1993,0.072265129,0.236498167,0.066181232
Central Latin America ,El Savador ,Male,1994,0.075249492,0.234766008,0.067784611
Central Latin America ,El Savador ,Male,1995,0.078469359,0.23315365,0.069494795
Central Latin America ,El Savador ,Male,1996,0.081822735,0.231701446,0.071272299
Central Latin America ,El Savador ,Male,1997,0.085405819,0.230411008,0.073134379
Central Latin America ,El Savador ,Male,1998,0.089227302,0.229265696,0.075070319
Central Latin America ,El Savador ,Male,1999,0.093216931,0.228269934,0.076997409
Central Latin America ,El Savador ,Male,2000,0.097285129,0.227227013,0.078827984
Central Latin America ,El Savador ,Female,1990,0.13745391,0.228379269,0.067309839
Central Latin America ,El Savador ,Female,1991,0.141830806,0.226726623,0.068976779
Central Latin America ,El Savador ,Female,1992,0.146632525,0.225051838,0.07072186
Central Latin America ,El Savador ,Female,1993,0.151773306,0.223324674,0.072547002
Central Latin America ,El Savador ,Female,1994,0.157180529,0.221512317,0.074420251
Central Latin America ,El Savador ,Female,1995,0.162911104,0.219640945,0.07636385
Central Latin America ,El Savador ,Female,1996,0.168709499,0.217730005,0.078360221
Central Latin America ,El Savador ,Female,1997,0.174690423,0.215811225,0.080423022
Central Latin America ,El Savador ,Female,1998,0.180833197,0.213833355,0.082519455
Central Latin America ,El Savador ,Female,1999,0.186986356,0.211765503,0.084580869
Central Latin America ,El Savador ,Female,2000,0.192982001,0.209559076,0.086524051
Central Latin America ,Nicaragua,Male,1990,0.060462434,0.260439929,0.060231213
Central Latin America ,Nicaragua,Male,1991,0.061453709,0.257723696,0.061301826
Central Latin America ,Nicaragua,Male,1992,0.062459312,0.255005842,0.06234995
Central Latin America ,Nicaragua,Male,1993,0.0634506,0.252290999,0.063374157
Central Latin America ,Nicaragua,Male,1994,0.06465724,0.249651599,0.06452662
Central Latin America ,Nicaragua,Male,1995,0.06614969,0.247143529,0.065807465
Central Latin America ,Nicaragua,Male,1996,0.067959695,0.244821552,0.067219231
Central Latin America ,Nicaragua,Male,1997,0.070000402,0.242625748,0.068695335
Central Latin America ,Nicaragua,Male,1998,0.072294716,0.24060901,0.070205685
Central Latin America ,Nicaragua,Male,1999,0.074811275,0.238707841,0.071729568
Central Latin America ,Nicaragua,Male,2000,0.077517273,0.237020763,0.073283915
Central Latin America ,Nicaragua,Female,1990,0.131540806,0.254668494,0.069088509
Central Latin America ,Nicaragua,Female,1991,0.134121742,0.252349631,0.070488196
Central Latin America ,Nicaragua,Female,1992,0.136829114,0.249893655,0.071857161
Central Latin America ,Nicaragua,Female,1993,0.139653174,0.247299906,0.073210261
Central Latin America ,Nicaragua,Female,1994,0.143006343,0.244588265,0.074664494
Central Latin America ,Nicaragua,Female,1995,0.14695947,0.241825994,0.076233158
Central Latin America ,Nicaragua,Female,1996,0.151520004,0.239075388,0.07793896
Central Latin America ,Nicaragua,Female,1997,0.156416741,0.236410389,0.079705688
Central Latin America ,Nicaragua,Female,1998,0.161606402,0.233823648,0.08149091
Central Latin America ,Nicaragua,Female,1999,0.167067328,0.231334418,0.083287155
Central Latin America ,Nicaragua,Female,2000,0.172633703,0.228971128,0.085101701
Central Latin America ,Panama ,Male,1990,0.078751142,0.263989638,0.05497541
Central Latin America ,Panama ,Male,1991,0.081441364,0.262360697,0.056124142
Central Latin America ,Panama ,Male,1992,0.084469776,0.260774498,0.057425835
Central Latin America ,Panama ,Male,1993,0.087788932,0.259287588,0.058827876
Central Latin America ,Panama ,Male,1994,0.091286914,0.257874721,0.060332236
Central Latin America ,Panama ,Male,1995,0.0948552,0.256319066,0.061827643
Central Latin America ,Panama ,Male,1996,0.098503935,0.254555304,0.063270767
Central Latin America ,Panama ,Male,1997,0.102439825,0.252773963,0.064728557
Central Latin America ,Panama ,Male,1998,0.106746523,0.251021297,0.066211208
Central Latin America ,Panama ,Male,1999,0.111124667,0.249220014,0.067617777
Central Latin America ,Panama ,Male,2000,0.115431278,0.247288155,0.068972533
Central Latin America ,Panama ,Female,1990,0.156522171,0.229640786,0.06200617
Central Latin America ,Panama ,Female,1991,0.160363227,0.227751462,0.063271631
Central Latin America ,Panama ,Female,1992,0.164865008,0.225862979,0.064682532
Central Latin America ,Panama ,Female,1993,0.169831944,0.223979385,0.066211398
Central Latin America ,Panama ,Female,1994,0.175032347,0.222081312,0.067801326
Central Latin America ,Panama ,Female,1995,0.180329096,0.220037791,0.069395311
Central Latin America ,Panama ,Female,1996,0.185736693,0.217842551,0.070969091
Central Latin America ,Panama ,Female,1997,0.191455465,0.215591009,0.072559145
Central Latin America ,Panama ,Female,1998,0.197530031,0.213270184,0.074158691
Central Latin America ,Panama ,Female,1999,0.203521472,0.210843064,0.075701423
Central Latin America ,Panama ,Female,2000,0.209378042,0.208301237,0.077166167
Central Latin America ,Honduras,Male,1990,0.047345051,0.236789969,0.047846971
Central Latin America ,Honduras,Male,1991,0.049213643,0.235991746,0.049088363
Central Latin America ,Honduras,Male,1992,0.051235272,0.23524745,0.050384889
Central Latin America ,Honduras,Male,1993,0.053381281,0.234567659,0.051695244
Central Latin America ,Honduras,Male,1994,0.055493165,0.233937188,0.052981672
Central Latin America ,Honduras,Male,1995,0.057719396,0.233444017,0.054296331
Central Latin America ,Honduras,Male,1996,0.060050883,0.233104714,0.05562044
Central Latin America ,Honduras,Male,1997,0.062530724,0.232855632,0.056944873
Central Latin America ,Honduras,Male,1998,0.065129287,0.23273479,0.058303732
Central Latin America ,Honduras,Male,1999,0.067723824,0.232668178,0.059712825
Central Latin America ,Honduras,Male,2000,0.070560525,0.232649897,0.061246613
Central Latin America ,Honduras,Female,1990,0.109534192,0.234103817,0.05139651
Central Latin America ,Honduras,Female,1991,0.113310724,0.233420266,0.052915646
Central Latin America ,Honduras,Female,1992,0.117344926,0.232668428,0.054505494
Central Latin America ,Honduras,Female,1993,0.12157094,0.231844888,0.056112825
Central Latin America ,Honduras,Female,1994,0.125594331,0.230934312,0.057683917
Central Latin America ,Honduras,Female,1995,0.129735803,0.229941714,0.059273445
Central Latin America ,Honduras,Female,1996,0.133964239,0.22888421,0.060851425
Central Latin America ,Honduras,Female,1997,0.138331853,0.227747738,0.062432514
Central Latin America ,Honduras,Female,1998,0.142831738,0.22658577,0.064068089
Central Latin America ,Honduras,Female,1999,0.147296661,0.225373933,0.065761984
Central Latin America ,Honduras,Female,2000,0.152193324,0.224154244,0.067602363
Central Latin America ,Guatemala,Male,1990,0.054289345,0.237427434,0.053659878
Central Latin America ,Guatemala,Male,1991,0.056297836,0.2360604,0.054808703
Central Latin America ,Guatemala,Male,1992,0.058473882,0.234663272,0.056010548
Central Latin America ,Guatemala,Male,1993,0.060822369,0.233338142,0.057295041
Central Latin America ,Guatemala,Male,1994,0.063351822,0.232137749,0.05869356
Central Latin America ,Guatemala,Male,1995,0.066054599,0.231129646,0.060196489
Central Latin America ,Guatemala,Male,1996,0.068869794,0.230344092,0.061783875
Central Latin America ,Guatemala,Male,1997,0.071789796,0.229705793,0.063450065
Central Latin America ,Guatemala,Male,1998,0.074822973,0.229182669,0.065145399
Central Latin America ,Guatemala,Male,1999,0.077922109,0.228731651,0.066878452
Central Latin America ,Guatemala,Male,2000,0.081075699,0.228284758,0.068642864
Central Latin America ,Guatemala,Female,1990,0.121944975,0.238435898,0.061317246
Central Latin America ,Guatemala,Female,1991,0.125386416,0.237419911,0.062729582
Central Latin America ,Guatemala,Female,1992,0.129153004,0.236347011,0.064231462
Central Latin America ,Guatemala,Female,1993,0.133201548,0.235184138,0.065813725
Central Latin America ,Guatemala,Female,1994,0.137515568,0.233970958,0.067488207
Central Latin America ,Guatemala,Female,1995,0.142093366,0.23270569,0.069228717
Central Latin America ,Guatemala,Female,1996,0.146784062,0.231376915,0.071010175
Central Latin America ,Guatemala,Female,1997,0.15164165,0.230013249,0.072828259
Central Latin America ,Guatemala,Female,1998,0.15666024,0.22858248,0.074662542
Central Latin America ,Guatemala,Female,1999,0.161782275,0.227108471,0.076530343
Central Latin America ,Guatemala,Female,2000,0.166974915,0.225575404,0.078408361
Commonwealth Caribbean,Bermuda,Male,1990,0.179172686,0.40789241,0.112546609
Commonwealth Caribbean,Bermuda,Male,1991,0.183060525,0.399797299,0.11296451
Commonwealth Caribbean,Bermuda,Male,1992,0.186727803,0.391627052,0.113268464
Commonwealth Caribbean,Bermuda,Male,1993,0.190466218,0.383518189,0.113520653
Commonwealth Caribbean,Bermuda,Male,1994,0.194133958,0.375243729,0.113748303
Commonwealth Caribbean,Bermuda,Male,1995,0.197821718,0.366569026,0.113780738
Commonwealth Caribbean,Bermuda,Male,1996,0.201540288,0.357969511,0.113718808
Commonwealth Caribbean,Bermuda,Male,1997,0.205405088,0.34963165,0.113762057
Commonwealth Caribbean,Bermuda,Male,1998,0.209548149,0.341558667,0.113914579
Commonwealth Caribbean,Bermuda,Male,1999,0.213646992,0.333806006,0.114246653
Commonwealth Caribbean,Bermuda,Male,2000,0.217984039,0.326513356,0.114806146
Commonwealth Caribbean,Bermuda,Female,1990,0.325475146,0.319374209,0.116615863
Commonwealth Caribbean,Bermuda,Female,1991,0.328805128,0.310728689,0.117114749
Commonwealth Caribbean,Bermuda,Female,1992,0.331786615,0.30217132,0.117571311
Commonwealth Caribbean,Bermuda,Female,1993,0.334784095,0.293847295,0.118029886
Commonwealth Caribbean,Bermuda,Female,1994,0.337747518,0.28569182,0.118555427
Commonwealth Caribbean,Bermuda,Female,1995,0.340784721,0.277564872,0.11905911
Commonwealth Caribbean,Bermuda,Female,1996,0.343745172,0.269701506,0.119556798
Commonwealth Caribbean,Bermuda,Female,1997,0.346806759,0.262172997,0.120179514
Commonwealth Caribbean,Bermuda,Female,1998,0.350099571,0.254961112,0.120924378
Commonwealth Caribbean,Bermuda,Female,1999,0.353467625,0.248150103,0.121900058
Commonwealth Caribbean,Bermuda,Female,2000,0.357069922,0.241705943,0.123106991
Commonwealth Caribbean,Puerto Rico,Male,1990,0.127792539,0.334909026,0.098551524
Commonwealth Caribbean,Puerto Rico,Male,1991,0.133956155,0.332149363,0.10112207
Commonwealth Caribbean,Puerto Rico,Male,1992,0.139834596,0.328636936,0.103344174
Commonwealth Caribbean,Puerto Rico,Male,1993,0.145460649,0.32457344,0.105288721
Commonwealth Caribbean,Puerto Rico,Male,1994,0.15088774,0.320073363,0.107063782
Commonwealth Caribbean,Puerto Rico,Male,1995,0.156210688,0.315259668,0.108713314
Commonwealth Caribbean,Puerto Rico,Male,1996,0.161453546,0.310311588,0.110257529
Commonwealth Caribbean,Puerto Rico,Male,1997,0.16673635,0.305322766,0.111712986
Commonwealth Caribbean,Puerto Rico,Male,1998,0.172301029,0.300299453,0.113172553
Commonwealth Caribbean,Puerto Rico,Male,1999,0.177939144,0.29525954,0.114555273
Commonwealth Caribbean,Puerto Rico,Male,2000,0.183671602,0.290202351,0.115902294
Commonwealth Caribbean,Puerto Rico,Female,1990,0.274455914,0.284277714,0.098625824
Commonwealth Caribbean,Puerto Rico,Female,1991,0.281762237,0.280127058,0.100919474
Commonwealth Caribbean,Puerto Rico,Female,1992,0.288518821,0.275327383,0.102952527
Commonwealth Caribbean,Puerto Rico,Female,1993,0.294765575,0.270026338,0.104767385
Commonwealth Caribbean,Puerto Rico,Female,1994,0.300590702,0.264391016,0.106411241
Commonwealth Caribbean,Puerto Rico,Female,1995,0.306147527,0.258527116,0.107960164
Commonwealth Caribbean,Puerto Rico,Female,1996,0.311440532,0.25251991,0.1094398
Commonwealth Caribbean,Puerto Rico,Female,1997,0.31655817,0.24648539,0.110876415
Commonwealth Caribbean,Puerto Rico,Female,1998,0.32184572,0.240496845,0.112333256
Commonwealth Caribbean,Puerto Rico,Female,1999,0.326983048,0.234525486,0.113794667
Commonwealth Caribbean,Puerto Rico,Female,2000,0.332022755,0.228590872,0.115258806
Commonwealth Caribbean,Bahamas,Male,1990,0.125195724,0.345671067,0.078355228
Commonwealth Caribbean,Bahamas,Male,1991,0.129652589,0.342376133,0.079916841
Commonwealth Caribbean,Bahamas,Male,1992,0.133698818,0.338617412,0.081400497
Commonwealth Caribbean,Bahamas,Male,1993,0.137579818,0.334528541,0.082876882
Commonwealth Caribbean,Bahamas,Male,1994,0.141427114,0.330263792,0.084411053
Commonwealth Caribbean,Bahamas,Male,1995,0.145372197,0.325706169,0.085991036
Commonwealth Caribbean,Bahamas,Male,1996,0.149498764,0.321138548,0.087609375
Commonwealth Caribbean,Bahamas,Male,1997,0.153875179,0.316729741,0.089291382
Commonwealth Caribbean,Bahamas,Male,1998,0.15855625,0.312419107,0.091028077
Commonwealth Caribbean,Bahamas,Male,1999,0.163663511,0.308208353,0.092738846
Commonwealth Caribbean,Bahamas,Male,2000,0.16910951,0.304037376,0.094406534
Commonwealth Caribbean,Bahamas,Female,1990,0.266513693,0.277914847,0.095148211
Commonwealth Caribbean,Bahamas,Female,1991,0.271173297,0.273549729,0.096629853
Commonwealth Caribbean,Bahamas,Female,1992,0.275300331,0.268971375,0.098100896
Commonwealth Caribbean,Bahamas,Female,1993,0.279338809,0.26421947,0.099636803
Commonwealth Caribbean,Bahamas,Female,1994,0.283506088,0.259429377,0.101250222
Commonwealth Caribbean,Bahamas,Female,1995,0.28805014,0.25454559,0.103032304
Commonwealth Caribbean,Bahamas,Female,1996,0.292917187,0.249677072,0.104947555
Commonwealth Caribbean,Bahamas,Female,1997,0.297946571,0.244808216,0.106943689
Commonwealth Caribbean,Bahamas,Female,1998,0.30324755,0.239947788,0.108971912
Commonwealth Caribbean,Bahamas,Female,1999,0.308829071,0.235061793,0.11098784
Commonwealth Caribbean,Bahamas,Female,2000,0.314513627,0.230109364,0.112968083
Commonwealth Caribbean,Dominica,Male,1990,0.062349142,0.310983199,0.05374383
Commonwealth Caribbean,Dominica,Male,1991,0.065916512,0.3104585,0.055014195
Commonwealth Caribbean,Dominica,Male,1992,0.069402698,0.309681137,0.056174113
Commonwealth Caribbean,Dominica,Male,1993,0.072825983,0.308733233,0.057281414
Commonwealth Caribbean,Dominica,Male,1994,0.076259327,0.307757799,0.058507222
Commonwealth Caribbean,Dominica,Male,1995,0.079667373,0.306772924,0.059805458
Commonwealth Caribbean,Dominica,Male,1996,0.08303268,0.305444925,0.061108752
Commonwealth Caribbean,Dominica,Male,1997,0.086335676,0.303983511,0.062334109
Commonwealth Caribbean,Dominica,Male,1998,0.089735191,0.302209241,0.063588927
Commonwealth Caribbean,Dominica,Male,1999,0.093174103,0.30016173,0.064866785
Commonwealth Caribbean,Dominica,Male,2000,0.096475545,0.297777256,0.066090411
Commonwealth Caribbean,Dominica,Female,1990,0.171124562,0.269017913,0.083022368
Commonwealth Caribbean,Dominica,Female,1991,0.176949324,0.267854511,0.084976276
Commonwealth Caribbean,Dominica,Female,1992,0.182325815,0.266273059,0.086772511
Commonwealth Caribbean,Dominica,Female,1993,0.187360036,0.264292198,0.08845732
Commonwealth Caribbean,Dominica,Female,1994,0.192371792,0.262078579,0.09022885
Commonwealth Caribbean,Dominica,Female,1995,0.197327343,0.259630104,0.092080378
Commonwealth Caribbean,Dominica,Female,1996,0.20238381,0.256774597,0.09394649
Commonwealth Caribbean,Dominica,Female,1997,0.207247971,0.253715178,0.095750843
Commonwealth Caribbean,Dominica,Female,1998,0.212419961,0.250421806,0.097618762
Commonwealth Caribbean,Dominica,Female,1999,0.217727814,0.246971584,0.099590715
Commonwealth Caribbean,Dominica,Female,2000,0.222771572,0.243264321,0.101563459
Commonwealth Caribbean,Belize,Male,1990,0.058772184,0.305752421,0.063003571
Commonwealth Caribbean,Belize,Male,1991,0.060824155,0.302177331,0.064295457
Commonwealth Caribbean,Belize,Male,1992,0.063141326,0.298474849,0.065598697
Commonwealth Caribbean,Belize,Male,1993,0.065616075,0.294705892,0.066893608
Commonwealth Caribbean,Belize,Male,1994,0.068129741,0.291154835,0.068254745
Commonwealth Caribbean,Belize,Male,1995,0.070684341,0.287886616,0.069637449
Commonwealth Caribbean,Belize,Male,1996,0.073289605,0.28485144,0.071051284
Commonwealth Caribbean,Belize,Male,1997,0.0760326,0.282185762,0.072576546
Commonwealth Caribbean,Belize,Male,1998,0.078921984,0.279778815,0.074196329
Commonwealth Caribbean,Belize,Male,1999,0.082089646,0.2774192,0.075878279
Commonwealth Caribbean,Belize,Female,2000,0.085747492,0.275011416,0.077647676
Commonwealth Caribbean,Belize,Female,1990,0.143679541,0.261792679,0.089628945
Commonwealth Caribbean,Belize,Female,1991,0.149327569,0.258661818,0.091693757
Commonwealth Caribbean,Belize,Female,1992,0.15546813,0.255511142,0.093832626
Commonwealth Caribbean,Belize,Female,1993,0.161751477,0.252308413,0.095996377
Commonwealth Caribbean,Belize,Female,1994,0.167765217,0.249275751,0.098198818
Commonwealth Caribbean,Belize,Female,1995,0.173463037,0.246382663,0.100402768
Commonwealth Caribbean,Belize,Female,1996,0.178941702,0.243637112,0.102649269
Commonwealth Caribbean,Belize,Female,1997,0.18433222,0.24108666,0.105010393
Commonwealth Caribbean,Belize,Female,1998,0.189667503,0.238696902,0.107478406
Commonwealth Caribbean,Belize,Female,1999,0.195286682,0.236344567,0.110066457
Commonwealth Caribbean,Belize,Female,2000,0.201544453,0.233956339,0.112794463
Commonwealth Caribbean,Saint Vincent and the Grenadines,Male,1990,0.048869669,0.280871606,0.054001077
Commonwealth Caribbean,Saint Vincent and the Grenadines,Male,1991,0.051555089,0.28111593,0.055705497
Commonwealth Caribbean,Saint Vincent and the Grenadines,Male,1992,0.054513404,0.281408106,0.057549168
Commonwealth Caribbean,Saint Vincent and the Grenadines,Male,1993,0.057567788,0.281610881,0.059484939
Commonwealth Caribbean,Saint Vincent and the Grenadines,Male,1994,0.060616964,0.281648719,0.061418534
Commonwealth Caribbean,Saint Vincent and the Grenadines,Male,1995,0.063759835,0.28149794,0.06337118
Commonwealth Caribbean,Saint Vincent and the Grenadines,Male,1996,0.067006564,0.281190379,0.065309682
Commonwealth Caribbean,Saint Vincent and the Grenadines,Male,1997,0.07068452,0.280783828,0.067301599
Commonwealth Caribbean,Saint Vincent and the Grenadines,Male,1998,0.07456441,0.280298342,0.069313874
Commonwealth Caribbean,Saint Vincent and the Grenadines,Male,1999,0.078642047,0.279633249,0.071290327
Commonwealth Caribbean,Saint Vincent and the Grenadines,Male,2000,0.082696207,0.27877904,0.073174197
Commonwealth Caribbean,Saint Vincent and the Grenadines,Female,1990,0.145975722,0.241575404,0.068285546
Commonwealth Caribbean,Saint Vincent and the Grenadines,Female,1991,0.151755962,0.240988633,0.070186195
Commonwealth Caribbean,Saint Vincent and the Grenadines,Female,1992,0.15792202,0.240315821,0.072226119
Commonwealth Caribbean,Saint Vincent and the Grenadines,Female,1993,0.164066032,0.239492758,0.074341529
Commonwealth Caribbean,Saint Vincent and the Grenadines,Female,1994,0.169809118,0.238696485,0.076456624
Commonwealth Caribbean,Saint Vincent and the Grenadines,Female,1995,0.175453985,0.23784955,0.078619823
Commonwealth Caribbean,Saint Vincent and the Grenadines,Female,1996,0.181066098,0.236957397,0.080842208
Commonwealth Caribbean,Saint Vincent and the Grenadines,Female,1997,0.187313482,0.236103471,0.083204335
Commonwealth Caribbean,Saint Vincent and the Grenadines,Female,1998,0.193702699,0.2352246,0.085640907
Commonwealth Caribbean,Saint Vincent and the Grenadines,Female,1999,0.20021978,0.234297043,0.088115585
Commonwealth Caribbean,Saint Vincent and the Grenadines,Female,2000,0.206456176,0.233345236,0.090582968
Commonwealth Caribbean,Saint Kitts and Nevis ,Male,1990,0.068986394,0.288204638,0.066965269
Commonwealth Caribbean,Saint Kitts and Nevis ,Male,1991,0.07232878,0.286751176,0.068232573
Commonwealth Caribbean,Saint Kitts and Nevis ,Male,1992,0.075704954,0.285358386,0.069549515
Commonwealth Caribbean,Saint Kitts and Nevis ,Male,1993,0.079174052,0.284033295,0.070967277
Commonwealth Caribbean,Saint Kitts and Nevis ,Male,1994,0.082697414,0.282782979,0.072483719
Commonwealth Caribbean,Saint Kitts and Nevis ,Male,1995,0.086344651,0.28186182,0.074180654
Commonwealth Caribbean,Saint Kitts and Nevis ,Male,1996,0.090299485,0.281214317,0.076100081
Commonwealth Caribbean,Saint Kitts and Nevis ,Male,1997,0.094578956,0.280741459,0.078260693
Commonwealth Caribbean,Saint Kitts and Nevis ,Male,1998,0.098948705,0.280404069,0.080505648
Commonwealth Caribbean,Saint Kitts and Nevis ,Male,1999,0.103643538,0.280119508,0.082891026
Commonwealth Caribbean,Saint Kitts and Nevis ,Male,2000,0.108606447,0.280151748,0.085384922
Commonwealth Caribbean,Saint Kitts and Nevis ,Female,1990,0.189948914,0.234491438,0.088710332
Commonwealth Caribbean,Saint Kitts and Nevis ,Female,1991,0.195566119,0.233956271,0.090604986
Commonwealth Caribbean,Saint Kitts and Nevis ,Female,1992,0.200947415,0.233548561,0.092566301
Commonwealth Caribbean,Saint Kitts and Nevis ,Female,1993,0.206366585,0.233250697,0.094641145
Commonwealth Caribbean,Saint Kitts and Nevis ,Female,1994,0.211642041,0.23302941,0.096778049
Commonwealth Caribbean,Saint Kitts and Nevis ,Female,1995,0.216909328,0.232750936,0.098997936
Commonwealth Caribbean,Saint Kitts and Nevis ,Female,1996,0.222578368,0.232341371,0.101396051
Commonwealth Caribbean,Saint Kitts and Nevis ,Female,1997,0.22867991,0.231882966,0.104006326
Commonwealth Caribbean,Saint Kitts and Nevis ,Female,1998,0.23460318,0.231448449,0.106687777
Commonwealth Caribbean,Saint Kitts and Nevis ,Female,1999,0.240809317,0.23093871,0.109521363
Commonwealth Caribbean,Saint Kitts and Nevis ,Female,2000,0.246922658,0.230443751,0.112407785
Commonwealth Caribbean,Jamaica,Male,1990,0.052146602,0.279777431,0.047257552
Commonwealth Caribbean,Jamaica,Male,1991,0.054404995,0.278436595,0.048678136
Commonwealth Caribbean,Jamaica,Male,1992,0.056812087,0.277414242,0.050212425
Commonwealth Caribbean,Jamaica,Male,1993,0.059576882,0.276561367,0.05189001
Commonwealth Caribbean,Jamaica,Male,1994,0.062478181,0.275540399,0.053633986
Commonwealth Caribbean,Jamaica,Male,1995,0.06552759,0.274235603,0.055443762
Commonwealth Caribbean,Jamaica,Male,1996,0.068664196,0.27284588,0.057240102
Commonwealth Caribbean,Jamaica,Male,1997,0.071830534,0.271427471,0.059024672
Commonwealth Caribbean,Jamaica,Male,1998,0.075025132,0.270018614,0.060814149
Commonwealth Caribbean,Jamaica,Male,1999,0.078351905,0.268482861,0.062584494
Commonwealth Caribbean,Jamaica,Male,2000,0.08181093,0.266917873,0.064382121
Commonwealth Caribbean,Jamaica,Female,1990,0.178021068,0.238177387,0.071008814
Commonwealth Caribbean,Jamaica,Female,1991,0.183888161,0.236419787,0.07315979
Commonwealth Caribbean,Jamaica,Female,1992,0.189781936,0.234829603,0.075437219
Commonwealth Caribbean,Jamaica,Female,1993,0.196247912,0.233292919,0.077884366
Commonwealth Caribbean,Jamaica,Female,1994,0.202797917,0.231646798,0.080411901
Commonwealth Caribbean,Jamaica,Female,1995,0.209524147,0.229840336,0.083080216
Commonwealth Caribbean,Jamaica,Female,1996,0.216066397,0.227870401,0.085768606
Commonwealth Caribbean,Jamaica,Female,1997,0.22229995,0.225858478,0.088481405
Commonwealth Caribbean,Jamaica,Female,1998,0.228212968,0.223814002,0.091219364
Commonwealth Caribbean,Jamaica,Female,1999,0.234106144,0.22168692,0.094000874
Commonwealth Caribbean,Jamaica,Female,2000,0.239989382,0.219567733,0.096850486
Commonwealth Caribbean,Barbados,Male,1990,0.068605946,0.30924375,0.062269418
Commonwealth Caribbean,Barbados,Male,1991,0.070932124,0.30681471,0.063403098
Commonwealth Caribbean,Barbados,Male,1992,0.073250551,0.304528847,0.064589922
Commonwealth Caribbean,Barbados,Male,1993,0.07571346,0.302307613,0.065867313
Commonwealth Caribbean,Barbados,Male,1994,0.078398639,0.30030214,0.067280943
Commonwealth Caribbean,Barbados,Male,1995,0.081276129,0.298333489,0.068818875
Commonwealth Caribbean,Barbados,Male,1996,0.084387046,0.2964245,0.070449898
Commonwealth Caribbean,Barbados,Male,1997,0.087898495,0.294546457,0.072161028
Commonwealth Caribbean,Barbados,Male,1998,0.091650261,0.292532583,0.073901782
Commonwealth Caribbean,Barbados,Male,1999,0.095757665,0.290579988,0.075708115
Commonwealth Caribbean,Barbados,Male,2000,0.100141223,0.288497626,0.077572528
Commonwealth Caribbean,Barbados,Female,1990,0.17800176,0.248536671,0.083890246
Commonwealth Caribbean,Barbados,Female,1991,0.182367104,0.246577966,0.085168788
Commonwealth Caribbean,Barbados,Female,1992,0.18655292,0.244843794,0.08653065
Commonwealth Caribbean,Barbados,Female,1993,0.190991439,0.243279227,0.088036684
Commonwealth Caribbean,Barbados,Female,1994,0.195829823,0.241854709,0.089683014
Commonwealth Caribbean,Barbados,Female,1995,0.201043742,0.240341379,0.091485105
Commonwealth Caribbean,Barbados,Female,1996,0.206590058,0.238795537,0.093406879
Commonwealth Caribbean,Barbados,Female,1997,0.212724189,0.237245227,0.095457747
Commonwealth Caribbean,Barbados,Female,1998,0.219175548,0.235739058,0.09762987
Commonwealth Caribbean,Barbados,Female,1999,0.22594854,0.234189357,0.099885625
Commonwealth Caribbean,Barbados,Female,2000,0.233055191,0.232596147,0.102280873
Commonwealth Caribbean,Guyana,Male,1990,0.044213345,0.256519572,0.045777135
Commonwealth Caribbean,Guyana,Male,1991,0.045356839,0.255042718,0.046853845
Commonwealth Caribbean,Guyana,Male,1992,0.04676167,0.253614971,0.048006837
Commonwealth Caribbean,Guyana,Male,1993,0.048468681,0.252306488,0.04929836
Commonwealth Caribbean,Guyana,Male,1994,0.050507254,0.251207255,0.050733317
Commonwealth Caribbean,Guyana,Male,1995,0.052832718,0.250353296,0.052308547
Commonwealth Caribbean,Guyana,Male,1996,0.055568623,0.24977361,0.054068363
Commonwealth Caribbean,Guyana,Male,1997,0.058726929,0.249328757,0.055997774
Commonwealth Caribbean,Guyana,Male,1998,0.062058132,0.248903484,0.057985595
Commonwealth Caribbean,Guyana,Male,1999,0.065707662,0.248633909,0.060094941
Commonwealth Caribbean,Guyana,Male,2000,0.069437114,0.248170572,0.062110449
Commonwealth Caribbean,Guyana,Female,1990,0.140405127,0.221679747,0.061833272
Commonwealth Caribbean,Guyana,Female,1991,0.144479699,0.220540614,0.063293071
Commonwealth Caribbean,Guyana,Female,1992,0.14920624,0.219477729,0.064897022
Commonwealth Caribbean,Guyana,Female,1993,0.1546485,0.218422571,0.066677189
Commonwealth Caribbean,Guyana,Female,1994,0.160728983,0.217351824,0.068586607
Commonwealth Caribbean,Guyana,Female,1995,0.16722332,0.216269323,0.070619436
Commonwealth Caribbean,Guyana,Female,1996,0.174404404,0.215188804,0.072839952
Commonwealth Caribbean,Guyana,Female,1997,0.182216143,0.214065885,0.075245232
Commonwealth Caribbean,Guyana,Female,1998,0.189978821,0.212971323,0.077761335
Commonwealth Caribbean,Guyana,Female,1999,0.197944173,0.211964703,0.08042864
Commonwealth Caribbean,Guyana,Female,2000,0.205582522,0.210936289,0.083051726
Commonwealth Caribbean,Saint Lucia,Male,1990,0.046509141,0.269085534,0.045999806
Commonwealth Caribbean,Saint Lucia,Male,1991,0.04936173,0.270757306,0.047943378
Commonwealth Caribbean,Saint Lucia,Male,1992,0.052458714,0.272470443,0.050058479
Commonwealth Caribbean,Saint Lucia,Male,1993,0.055737976,0.274475976,0.052339388
Commonwealth Caribbean,Saint Lucia,Male,1994,0.059109869,0.276412524,0.054742028
Commonwealth Caribbean,Saint Lucia,Male,1995,0.06267762,0.278523985,0.057277895
Commonwealth Caribbean,Saint Lucia,Male,1996,0.066397932,0.280303242,0.059919659
Commonwealth Caribbean,Saint Lucia,Male,1997,0.07012454,0.28173744,0.062619585
Commonwealth Caribbean,Saint Lucia,Male,1998,0.074094296,0.283139954,0.065482113
Commonwealth Caribbean,Saint Lucia,Male,1999,0.078221339,0.284534823,0.068484651
Commonwealth Caribbean,Saint Lucia,Male,2000,0.082437525,0.285669991,0.071587593
Commonwealth Caribbean,Saint Lucia,Female,1990,0.137232448,0.228806552,0.06482985
Commonwealth Caribbean,Saint Lucia,Female,1991,0.143478273,0.229483472,0.067167767
Commonwealth Caribbean,Saint Lucia,Female,1992,0.149965449,0.230065011,0.069614914
Commonwealth Caribbean,Saint Lucia,Female,1993,0.156284388,0.230619262,0.072116427
Commonwealth Caribbean,Saint Lucia,Female,1994,0.162383003,0.231041995,0.074634723
Commonwealth Caribbean,Saint Lucia,Female,1995,0.168375826,0.231450011,0.07717044
Commonwealth Caribbean,Saint Lucia,Female,1996,0.174509784,0.231599979,0.079799033
Commonwealth Caribbean,Saint Lucia,Female,1997,0.180427756,0.23161148,0.08247062
Commonwealth Caribbean,Saint Lucia,Female,1998,0.186509585,0.231596732,0.08523754
Commonwealth Caribbean,Saint Lucia,Female,1999,0.192591811,0.231607911,0.088124018
Commonwealth Caribbean,Saint Lucia,Female,2000,0.198610315,0.23153871,0.091094964
Commonwealth Caribbean,Antigua and Barbuda,Male,1990,0.075395701,0.269280728,0.050346825
Commonwealth Caribbean,Antigua and Barbuda,Male,1991,0.079626852,0.269031156,0.051736681
Commonwealth Caribbean,Antigua and Barbuda,Male,1992,0.083858396,0.268660003,0.053138336
Commonwealth Caribbean,Antigua and Barbuda,Male,1993,0.088002052,0.268020396,0.054479278
Commonwealth Caribbean,Antigua and Barbuda,Male,1994,0.091988778,0.267021815,0.055815138
Commonwealth Caribbean,Antigua and Barbuda,Male,1995,0.095543787,0.265825883,0.057129817
Commonwealth Caribbean,Antigua and Barbuda,Male,1996,0.099093606,0.264585372,0.05846304
Commonwealth Caribbean,Antigua and Barbuda,Male,1997,0.102722211,0.263388916,0.059895023
Commonwealth Caribbean,Antigua and Barbuda,Male,1998,0.106467197,0.262266329,0.061431227
Commonwealth Caribbean,Antigua and Barbuda,Male,1999,0.110355835,0.261179676,0.063038354
Commonwealth Caribbean,Antigua and Barbuda,Male,2000,0.114497039,0.260096948,0.064753924
Commonwealth Caribbean,Antigua and Barbuda,Female,1990,0.207216487,0.209464311,0.069654914
Commonwealth Caribbean,Antigua and Barbuda,Female,1991,0.214017699,0.208545069,0.071298549
Commonwealth Caribbean,Antigua and Barbuda,Female,1992,0.220428179,0.207579549,0.072947039
Commonwealth Caribbean,Antigua and Barbuda,Female,1993,0.226447988,0.206618328,0.074559879
Commonwealth Caribbean,Antigua and Barbuda,Female,1994,0.232262033,0.205675137,0.076211692
Commonwealth Caribbean,Antigua and Barbuda,Female,1995,0.237225489,0.204790378,0.077878966
Commonwealth Caribbean,Antigua and Barbuda,Female,1996,0.242211554,0.203988065,0.079650975
Commonwealth Caribbean,Antigua and Barbuda,Female,1997,0.247325778,0.203260182,0.081568144
Commonwealth Caribbean,Antigua and Barbuda,Female,1998,0.252564273,0.202679201,0.083650011
Commonwealth Caribbean,Antigua and Barbuda,Female,1999,0.257944542,0.202144414,0.085850255
Commonwealth Caribbean,Antigua and Barbuda,Female,2000,0.263619062,0.201633456,0.088161572
Commonwealth Caribbean,Trinidad and Tobago,Male,1990,0.058011054,0.2427661,0.040957114
Commonwealth Caribbean,Trinidad and Tobago,Male,1991,0.059872574,0.24285696,0.042374338
Commonwealth Caribbean,Trinidad and Tobago,Male,1992,0.061808092,0.242895047,0.043914557
Commonwealth Caribbean,Trinidad and Tobago,Male,1993,0.063859298,0.242989668,0.045549656
Commonwealth Caribbean,Trinidad and Tobago,Male,1994,0.06617667,0.243163481,0.047305107
Commonwealth Caribbean,Trinidad and Tobago,Male,1995,0.068783821,0.243367837,0.049169631
Commonwealth Caribbean,Trinidad and Tobago,Male,1996,0.071731624,0.243719154,0.051106416
Commonwealth Caribbean,Trinidad and Tobago,Male,1997,0.075053025,0.244368051,0.053127377
Commonwealth Caribbean,Trinidad and Tobago,Male,1998,0.078933982,0.245295654,0.055271771
Commonwealth Caribbean,Trinidad and Tobago,Male,1999,0.083277201,0.246458054,0.057490581
Commonwealth Caribbean,Trinidad and Tobago,Male,2000,0.088165491,0.247838898,0.05984612
Commonwealth Caribbean,Trinidad and Tobago,Female,1990,0.157256284,0.20353171,0.058261006
Commonwealth Caribbean,Trinidad and Tobago,Female,1991,0.161457842,0.204172789,0.059918261
Commonwealth Caribbean,Trinidad and Tobago,Female,1992,0.166020481,0.20492132,0.061743001
Commonwealth Caribbean,Trinidad and Tobago,Female,1993,0.17086722,0.205835478,0.063720645
Commonwealth Caribbean,Trinidad and Tobago,Female,1994,0.176259186,0.206859751,0.065839841
Commonwealth Caribbean,Trinidad and Tobago,Female,1995,0.182200653,0.207921795,0.068110565
Commonwealth Caribbean,Trinidad and Tobago,Female,1996,0.188541332,0.209036479,0.070489487
Commonwealth Caribbean,Trinidad and Tobago,Female,1997,0.195187125,0.210243272,0.072976839
Commonwealth Caribbean,Trinidad and Tobago,Female,1998,0.202424611,0.211520287,0.075570953
Commonwealth Caribbean,Trinidad and Tobago,Female,1999,0.209969479,0.212824895,0.078251721
Commonwealth Caribbean,Trinidad and Tobago,Female,2000,0.217921948,0.214178743,0.081043204
Caribbean,Dominican Republic ,Male,1990,0.047120028,0.279218898,0.047262149
Caribbean,Dominican Republic ,Male,1991,0.048918233,0.277579252,0.048472528
Caribbean,Dominican Republic ,Male,1992,0.051048074,0.276248819,0.049895007
Caribbean,Dominican Republic ,Male,1993,0.053453122,0.275111799,0.051456305
Caribbean,Dominican Republic ,Male,1994,0.056081255,0.274229302,0.053189736
Caribbean,Dominican Republic ,Male,1995,0.058992736,0.273573346,0.055109667
Caribbean,Dominican Republic ,Male,1996,0.062295322,0.273212439,0.057233255
Caribbean,Dominican Republic ,Male,1997,0.066018467,0.27303617,0.059517693
Caribbean,Dominican Republic ,Male,1998,0.070143431,0.273000002,0.061943896
Caribbean,Dominican Republic ,Male,1999,0.074598681,0.272837619,0.064402832
Caribbean,Dominican Republic ,Male,2000,0.079348424,0.272500168,0.066886562
Caribbean,Dominican Republic ,Female,1990,0.130125909,0.261607904,0.059429072
Caribbean,Dominican Republic ,Female,1991,0.133851417,0.259319789,0.060833338
Caribbean,Dominican Republic ,Female,1992,0.138298833,0.257132121,0.062457806
Caribbean,Dominican Republic ,Female,1993,0.143237,0.254982434,0.064240405
Caribbean,Dominican Republic ,Female,1994,0.148437569,0.25289918,0.06618252
Caribbean,Dominican Republic ,Female,1995,0.154059754,0.250821769,0.068300741
Caribbean,Dominican Republic ,Female,1996,0.160242891,0.248821462,0.070648619
Caribbean,Dominican Republic ,Female,1997,0.166987113,0.246826333,0.073183972
Caribbean,Dominican Republic ,Female,1998,0.174202782,0.244825634,0.075891121
Caribbean,Dominican Republic ,Female,1999,0.181753123,0.242695079,0.078703064
Caribbean,Dominican Republic ,Female,2000,0.189574491,0.240417901,0.081595547
Caribbean,Suriname ,Male,1990,0.080549197,0.311613512,0.074638714
Caribbean,Suriname ,Male,1991,0.082724134,0.308042187,0.075477834
Caribbean,Suriname ,Male,1992,0.084968072,0.304437114,0.076312082
Caribbean,Suriname ,Male,1993,0.087025857,0.300755101,0.077024362
Caribbean,Suriname ,Male,1994,0.089222232,0.297057117,0.077796783
Caribbean,Suriname ,Male,1995,0.091572336,0.293461847,0.07865248
Caribbean,Suriname ,Male,1996,0.094168675,0.290225523,0.079655077
Caribbean,Suriname ,Male,1997,0.097214159,0.28743883,0.080813334
Caribbean,Suriname ,Male,1998,0.100431878,0.284983026,0.082085064
Caribbean,Suriname ,Male,1999,0.103692868,0.282627347,0.08338567
Caribbean,Suriname ,Male,2000,0.107101274,0.280320643,0.084793684
Caribbean,Suriname ,Female,1990,0.208298031,0.283036079,0.092394405
Caribbean,Suriname ,Female,1991,0.211227358,0.279492027,0.093492021
Caribbean,Suriname ,Female,1992,0.21423707,0.275824891,0.094608899
Caribbean,Suriname ,Female,1993,0.216714597,0.271990354,0.095597023
Caribbean,Suriname ,Female,1994,0.219532485,0.268016116,0.096599643
Caribbean,Suriname ,Female,1995,0.222623098,0.26394593,0.097677712
Caribbean,Suriname ,Female,1996,0.226061053,0.259908924,0.098879027
Caribbean,Suriname ,Female,1997,0.229997686,0.255984871,0.100210804
Caribbean,Suriname ,Female,1998,0.233954606,0.252194985,0.10159847
Caribbean,Suriname ,Female,1999,0.237846283,0.248467187,0.103043426
Caribbean,Suriname ,Female,2000,0.241882533,0.244811893,0.104617941
Caribbean,Cuba,Male,1990,0.089843715,0.334723912,0.062338824
Caribbean,Cuba,Male,1991,0.09250577,0.330480997,0.063334921
Caribbean,Cuba,Male,1992,0.094289241,0.325343347,0.063990961
Caribbean,Cuba,Male,1993,0.09523612,0.319679172,0.064461763
Caribbean,Cuba,Male,1994,0.095940564,0.313549435,0.064840114
Caribbean,Cuba,Male,1995,0.096595711,0.307123938,0.065222188
Caribbean,Cuba,Male,1996,0.09747642,0.300514145,0.065594105
Caribbean,Cuba,Male,1997,0.098530804,0.293865312,0.065936876
Caribbean,Cuba,Male,1998,0.099695366,0.287271721,0.066224636
Caribbean,Cuba,Male,1999,0.101305222,0.280752698,0.066441284
Caribbean,Cuba,Male,2000,0.103495182,0.274266938,0.066623665
Caribbean,Cuba,Female,1990,0.196368169,0.280095583,0.072004989
Caribbean,Cuba,Female,1991,0.199665521,0.275494592,0.072818134
Caribbean,Cuba,Female,1992,0.201731757,0.270579344,0.073422943
Caribbean,Cuba,Female,1993,0.202695618,0.265469622,0.073919475
Caribbean,Cuba,Female,1994,0.203774227,0.260285272,0.074428948
Caribbean,Cuba,Female,1995,0.205309868,0.255026951,0.075050325
Caribbean,Cuba,Female,1996,0.207622447,0.249720412,0.075790496
Caribbean,Cuba,Female,1997,0.210329781,0.244526107,0.076615374
Caribbean,Cuba,Female,1998,0.213147322,0.23942347,0.077469617
Caribbean,Cuba,Female,1999,0.216466157,0.234399473,0.078360004
Caribbean,Cuba,Female,2000,0.220376357,0.229371815,0.07928512
Caribbean,Haiti,Male,1990,0.022205812,0.254286935,0.039731269
Caribbean,Haiti,Male,1991,0.023084531,0.255038027,0.041284528
Caribbean,Haiti,Male,1992,0.023966068,0.255681005,0.042859809
Caribbean,Haiti,Male,1993,0.024846494,0.256344408,0.044507617
Caribbean,Haiti,Male,1994,0.02561008,0.256932313,0.046150628
Caribbean,Haiti,Male,1995,0.026554158,0.257583989,0.047922506
Caribbean,Haiti,Male,1996,0.027634579,0.258289429,0.049778194
Caribbean,Haiti,Male,1997,0.028852319,0.258967561,0.051671603
Caribbean,Haiti,Male,1998,0.030196464,0.259632916,0.053597139
Caribbean,Haiti,Male,1999,0.031692165,0.260281239,0.055535353
Caribbean,Haiti,Male,2000,0.033318863,0.260845787,0.057486522
Caribbean,Haiti,Female,1990,0.072322617,0.252672971,0.039672514
Caribbean,Haiti,Female,1991,0.075083191,0.25389831,0.04111794
Caribbean,Haiti,Female,1992,0.077803613,0.255086474,0.042612894
Caribbean,Haiti,Female,1993,0.080450017,0.256227318,0.044175152
Caribbean,Haiti,Female,1994,0.082696613,0.257261417,0.045732959
Caribbean,Haiti,Female,1995,0.085448152,0.258175513,0.047413181
Caribbean,Haiti,Female,1996,0.088487338,0.25894604,0.049180834
Caribbean,Haiti,Female,1997,0.091754876,0.259570496,0.051007993
Caribbean,Haiti,Female,1998,0.095216246,0.260034615,0.052882104
Caribbean,Haiti,Female,1999,0.098889829,0.260329724,0.054779511
Caribbean,Haiti,Female,2000,0.102728781,0.260455858,0.056696706
Andean Latin America,Venezuela,Male,1990,0.118019747,0.323425965,0.080771413
Andean Latin America,Venezuela,Male,1991,0.121245249,0.319214947,0.082032732
Andean Latin America,Venezuela,Male,1992,0.124640424,0.314922,0.083282572
Andean Latin America,Venezuela,Male,1993,0.128017752,0.310685858,0.084483942
Andean Latin America,Venezuela,Male,1994,0.131276169,0.306338694,0.085658024
Andean Latin America,Venezuela,Male,1995,0.134686578,0.301894488,0.086836446
Andean Latin America,Venezuela,Male,1996,0.138100879,0.297417789,0.087988139
Andean Latin America,Venezuela,Male,1997,0.141804254,0.292896241,0.089153633
Andean Latin America,Venezuela,Male,1998,0.145560818,0.288352722,0.090264555
Andean Latin America,Venezuela,Male,1999,0.149031821,0.283762296,0.09119014
Andean Latin America,Venezuela,Male,2000,0.152659011,0.279189686,0.09199775
Andean Latin America,Venezuela,Female,1990,0.190669021,0.285160236,0.075957786
Andean Latin America,Venezuela,Female,1991,0.194936713,0.280089697,0.077048284
Andean Latin America,Venezuela,Female,1992,0.199473566,0.274909868,0.078118778
Andean Latin America,Venezuela,Female,1993,0.203888571,0.269625701,0.079129724
Andean Latin America,Venezuela,Female,1994,0.208055767,0.264224156,0.080077364
Andean Latin America,Venezuela,Female,1995,0.212412527,0.258676152,0.081016134
Andean Latin America,Venezuela,Female,1996,0.216676024,0.253021685,0.081883723
Andean Latin America,Venezuela,Female,1997,0.221223132,0.247292427,0.082728123
Andean Latin America,Venezuela,Female,1998,0.22568297,0.241500612,0.083493241
Andean Latin America,Venezuela,Female,1999,0.229589195,0.235654914,0.084107767
Andean Latin America,Venezuela,Female,2000,0.233461224,0.229839385,0.084597444
Andean Latin America,Columbia,Male,1990,0.072899589,0.272981197,0.05407095
Andean Latin America,Columbia,Male,1991,0.075510755,0.270792909,0.055294316
Andean Latin America,Columbia,Male,1992,0.078161098,0.268499523,0.05651655
Andean Latin America,Columbia,Male,1993,0.080824536,0.266236688,0.057735946
Andean Latin America,Columbia,Male,1994,0.083611444,0.263940163,0.059001813
Andean Latin America,Columbia,Male,1995,0.086522107,0.261704124,0.060295124
Andean Latin America,Columbia,Male,1996,0.089490493,0.25945677,0.061597309
Andean Latin America,Columbia,Male,1997,0.092562727,0.257112114,0.062910453
Andean Latin America,Columbia,Male,1998,0.09566941,0.254761815,0.064230502
Andean Latin America,Columbia,Male,1999,0.098580324,0.252319394,0.065495623
Andean Latin America,Columbia,Male,2000,0.101648861,0.249757992,0.066758122
Andean Latin America,Columbia,Female,1990,0.142949104,0.249864219,0.065837217
Andean Latin America,Columbia,Female,1991,0.146692637,0.247416166,0.066998517
Andean Latin America,Columbia,Female,1992,0.150521667,0.244847168,0.06813199
Andean Latin America,Columbia,Female,1993,0.154301003,0.24209067,0.069210696
Andean Latin America,Columbia,Female,1994,0.158243254,0.23919173,0.07027335
Andean Latin America,Columbia,Female,1995,0.162302764,0.236136899,0.071313006
Andean Latin America,Columbia,Female,1996,0.166348589,0.232916786,0.072323186
Andean Latin America,Columbia,Female,1997,0.170486835,0.229564714,0.073318619
Andean Latin America,Columbia,Female,1998,0.174580441,0.22612036,0.074300008
Andean Latin America,Columbia,Female,1999,0.178306489,0.222587639,0.0752054
Andean Latin America,Columbia,Female,2000,0.182220354,0.218969804,0.076088989
Andean Latin America,Peru,Male,1990,0.071186438,0.249868314,0.056691613
Andean Latin America,Peru,Male,1991,0.072987225,0.247279747,0.057349089
Andean Latin America,Peru,Male,1992,0.074806137,0.244377567,0.058009635
Andean Latin America,Peru,Male,1993,0.076711785,0.24110294,0.058669022
Andean Latin America,Peru,Male,1994,0.078884075,0.237533928,0.059352613
Andean Latin America,Peru,Male,1995,0.081223584,0.233753273,0.06002772
Andean Latin America,Peru,Male,1996,0.083541917,0.229778499,0.060576521
Andean Latin America,Peru,Male,1997,0.086012755,0.225626899,0.061080292
Andean Latin America,Peru,Male,1998,0.088372411,0.221356421,0.061395133
Andean Latin America,Peru,Male,1999,0.090747298,0.217063088,0.061634536
Andean Latin America,Peru,Male,2000,0.093159399,0.212786277,0.061849977
Andean Latin America,Peru,Female,1990,0.13613156,0.220321144,0.065750058
Andean Latin America,Peru,Female,1991,0.138353429,0.217156654,0.066280135
Andean Latin America,Peru,Female,1992,0.140795232,0.213835356,0.066863388
Andean Latin America,Peru,Female,1993,0.143713041,0.210287081,0.067507011
Andean Latin America,Peru,Female,1994,0.147333581,0.206531842,0.068232582
Andean Latin America,Peru,Female,1995,0.151394091,0.202553406,0.068956351
Andean Latin America,Peru,Female,1996,0.15549888,0.198348323,0.069572054
Andean Latin America,Peru,Female,1997,0.15996047,0.193940081,0.070147873
Andean Latin America,Peru,Female,1998,0.16420586,0.189422032,0.070536637
Andean Latin America,Peru,Female,1999,0.168430156,0.184748642,0.070827009
Andean Latin America,Peru,Female,2000,0.172714788,0.179929968,0.071075984
Andean Latin America,Ecuador,Male,1990,0.061575522,0.22993506,0.045999107
Andean Latin America,Ecuador,Male,1991,0.064213548,0.228454803,0.047138266
Andean Latin America,Ecuador,Male,1992,0.066863988,0.226945202,0.048281822
Andean Latin America,Ecuador,Male,1993,0.069522854,0.225386804,0.049418165
Andean Latin America,Ecuador,Male,1994,0.072177087,0.223674698,0.050494613
Andean Latin America,Ecuador,Male,1995,0.07490749,0.222078137,0.051609398
Andean Latin America,Ecuador,Male,1996,0.077680377,0.220625818,0.052734047
Andean Latin America,Ecuador,Male,1997,0.080536746,0.219229894,0.053878636
Andean Latin America,Ecuador,Male,1998,0.083489242,0.217847071,0.055042098
Andean Latin America,Ecuador,Male,1999,0.086186361,0.216288695,0.056079174
Andean Latin America,Ecuador,Male,2000,0.088880105,0.214681876,0.057080294
Andean Latin America,Ecuador,Female,1990,0.127631674,0.214588755,0.055178264
Andean Latin America,Ecuador,Female,1991,0.131733963,0.213174983,0.0565139
Andean Latin America,Ecuador,Female,1992,0.135825893,0.211671545,0.057849641
Andean Latin America,Ecuador,Female,1993,0.139887398,0.210035034,0.059165272
Andean Latin America,Ecuador,Female,1994,0.14394085,0.208236983,0.060420689
Andean Latin America,Ecuador,Female,1995,0.148015903,0.206371333,0.061673708
Andean Latin America,Ecuador,Female,1996,0.15208467,0.204448494,0.062913783
Andean Latin America,Ecuador,Female,1997,0.156269869,0.202389754,0.064154722
Andean Latin America,Ecuador,Female,1998,0.160536927,0.200285956,0.065409488
Andean Latin America,Ecuador,Female,1999,0.164374641,0.197967477,0.066545904
Andean Latin America,Ecuador,Female,2000,0.168171943,0.195569976,0.067653088
Andean Latin America,Bolivia,Male,1990,0.053672216,0.249338561,0.048172498
Andean Latin America,Bolivia,Male,1991,0.055550272,0.246566337,0.048874792
Andean Latin America,Bolivia,Male,1992,0.057508768,0.243605996,0.049545067
Andean Latin America,Bolivia,Male,1993,0.059605902,0.240637733,0.050253646
Andean Latin America,Bolivia,Male,1994,0.06184343,0.237840168,0.051010617
Andean Latin America,Bolivia,Male,1995,0.064269325,0.235217966,0.051833601
Andean Latin America,Bolivia,Male,1996,0.066825812,0.232717767,0.052645226
Andean Latin America,Bolivia,Male,1997,0.069483648,0.230289405,0.053450173
Andean Latin America,Bolivia,Male,1998,0.072168094,0.227947266,0.05427209
Andean Latin America,Bolivia,Male,1999,0.074749887,0.225618923,0.055055525
Andean Latin America,Bolivia,Male,2000,0.077301886,0.223317197,0.055831076
Andean Latin America,Bolivia,Female,1990,0.111412624,0.232002929,0.058409023
Andean Latin America,Bolivia,Female,1991,0.115191552,0.229760648,0.059518016
Andean Latin America,Bolivia,Female,1992,0.119097389,0.227304962,0.060635404
Andean Latin America,Bolivia,Female,1993,0.123259384,0.224749391,0.061796677
Andean Latin America,Bolivia,Female,1994,0.127622652,0.222114933,0.063015106
Andean Latin America,Bolivia,Female,1995,0.13217114,0.219461171,0.064284587
Andean Latin America,Bolivia,Female,1996,0.136810233,0.21666684,0.065528807
Andean Latin America,Bolivia,Female,1997,0.141552847,0.213778351,0.066760136
Andean Latin America,Bolivia,Female,1998,0.146386015,0.210832917,0.068006413
Andean Latin America,Bolivia,Female,1999,0.151056025,0.207810494,0.069203156
Andean Latin America,Bolivia,Female,2000,0.155693122,0.204725281,0.070381712
Southern Latin America,Argentina ,Male,1990,0.15224991,0.382537447,0.080101141
Southern Latin America,Argentina ,Male,1991,0.155127665,0.376925046,0.080835798
Southern Latin America,Argentina ,Male,1992,0.158538179,0.371286654,0.081613617
Southern Latin America,Argentina ,Male,1993,0.162232179,0.365827089,0.0824004
Southern Latin America,Argentina ,Male,1994,0.166171613,0.360532942,0.083172506
Southern Latin America,Argentina ,Male,1995,0.169975437,0.35544022,0.083887591
Southern Latin America,Argentina ,Male,1996,0.174013524,0.350505979,0.084614742
Southern Latin America,Argentina ,Male,1997,0.178378629,0.345770324,0.085376987
Southern Latin America,Argentina ,Male,1998,0.182928416,0.341284757,0.086154518
Southern Latin America,Argentina ,Male,1999,0.187315559,0.337060102,0.086844137
Southern Latin America,Argentina ,Male,2000,0.19156264,0.332960293,0.087485659
Southern Latin America,Argentina ,Female,1990,0.179259922,0.293338143,0.067572455
Southern Latin America,Argentina ,Female,1991,0.182957998,0.288038308,0.068483954
Southern Latin America,Argentina ,Female,1992,0.187408679,0.282684051,0.069459361
Southern Latin America,Argentina ,Female,1993,0.192107424,0.277266979,0.07042732
Southern Latin America,Argentina ,Female,1994,0.196976321,0.271877431,0.071356871
Southern Latin America,Argentina ,Female,1995,0.20147787,0.266502038,0.072229537
Southern Latin America,Argentina ,Female,1996,0.206177243,0.261184065,0.073121071
Southern Latin America,Argentina ,Female,1997,0.211230089,0.255897189,0.074045771
Southern Latin America,Argentina ,Female,1998,0.216330281,0.250699178,0.074964786
Southern Latin America,Argentina ,Female,1999,0.220941704,0.245582826,0.075810418
Southern Latin America,Argentina ,Female,2000,0.225252897,0.240590724,0.07663212
Southern Latin America,Uruguay,Male,1990,0.127981788,0.378862611,0.077162517
Southern Latin America,Uruguay,Male,1991,0.130782799,0.373213773,0.07759786
Southern Latin America,Uruguay,Male,1992,0.134027778,0.367721927,0.078073135
Southern Latin America,Uruguay,Male,1993,0.137504262,0.362498194,0.078618518
Southern Latin America,Uruguay,Male,1994,0.141360107,0.357546872,0.079237835
Southern Latin America,Uruguay,Male,1995,0.145134848,0.352830657,0.079850466
Southern Latin America,Uruguay,Male,1996,0.149127621,0.348419542,0.080458325
Southern Latin America,Uruguay,Male,1997,0.153445368,0.344105728,0.081080425
Southern Latin America,Uruguay,Male,1998,0.157978153,0.34000207,0.081740874
Southern Latin America,Uruguay,Male,1999,0.162417607,0.336035528,0.082349723
Southern Latin America,Uruguay,Male,2000,0.166660733,0.332030744,0.082946983
Southern Latin America,Uruguay,Female,1990,0.187115375,0.302413938,0.07583026
Southern Latin America,Uruguay,Female,1991,0.191350721,0.296556838,0.076374752
Southern Latin America,Uruguay,Female,1992,0.196099292,0.290694969,0.076957688
Southern Latin America,Uruguay,Female,1993,0.200949676,0.284831803,0.077550616
Southern Latin America,Uruguay,Female,1994,0.206038834,0.27900735,0.078137712
Southern Latin America,Uruguay,Female,1995,0.210746356,0.273186437,0.078689353
Southern Latin America,Uruguay,Female,1996,0.215499565,0.267443089,0.079208217
Southern Latin America,Uruguay,Female,1997,0.220520706,0.261782444,0.079754502
Southern Latin America,Uruguay,Female,1998,0.225602315,0.25622347,0.080331598
Southern Latin America,Uruguay,Female,1999,0.230299916,0.250718883,0.080889904
Southern Latin America,Uruguay,Female,2000,0.234663823,0.245335542,0.081456898
Southern Latin America,Chile,Male,1990,0.127592228,0.339186525,0.075182841
Southern Latin America,Chile,Male,1991,0.131118477,0.335732544,0.075922585
Southern Latin America,Chile,Male,1992,0.135166309,0.332274577,0.076779656
Southern Latin America,Chile,Male,1993,0.139470785,0.328815097,0.07768585
Southern Latin America,Chile,Male,1994,0.14395155,0.325323949,0.078613369
Southern Latin America,Chile,Male,1995,0.148795318,0.321824234,0.079604067
Southern Latin America,Chile,Male,1996,0.15384452,0.318271003,0.080538154
Southern Latin America,Chile,Male,1997,0.159010962,0.314810819,0.081498934
Southern Latin America,Chile,Male,1998,0.164145476,0.311440656,0.082458377
Southern Latin America,Chile,Male,1999,0.169012048,0.30806318,0.083359994
Southern Latin America,Chile,Male,2000,0.173863102,0.304596229,0.084260378
Southern Latin America,Chile,Female,1990,0.193169049,0.27846809,0.081372209
Southern Latin America,Chile,Female,1991,0.198397271,0.273692484,0.082049331
Southern Latin America,Chile,Female,1992,0.204270088,0.268899256,0.082840399
Southern Latin America,Chile,Female,1993,0.210293639,0.264005349,0.08364883
Southern Latin America,Chile,Female,1994,0.216278459,0.259037602,0.084446828
Southern Latin America,Chile,Female,1995,0.222532194,0.253983744,0.085286341
Southern Latin America,Chile,Female,1996,0.228765767,0.24890626,0.086075184
Southern Latin America,Chile,Female,1997,0.234938104,0.243939763,0.086882796
Southern Latin America,Chile,Female,1998,0.240783917,0.239110209,0.087684147
Southern Latin America,Chile,Female,1999,0.246096112,0.234329842,0.088493099
Southern Latin America,Chile,Female,2000,0.251304206,0.229625534,0.089361079
Southern Latin America,Brazil,Male,1990,0.073937379,0.343340792,0.057973736
Southern Latin America,Brazil,Male,1991,0.076834497,0.340632909,0.058884002
Southern Latin America,Brazil,Male,1992,0.079709041,0.337707093,0.059722777
Southern Latin America,Brazil,Male,1993,0.082713148,0.334615709,0.060559232
Southern Latin America,Brazil,Male,1994,0.085839178,0.331466922,0.061397414
Southern Latin America,Brazil,Male,1995,0.089119606,0.328534847,0.062275742
Southern Latin America,Brazil,Male,1996,0.09238837,0.325567455,0.063080127
Southern Latin America,Brazil,Male,1997,0.095809014,0.322738124,0.063911128
Southern Latin America,Brazil,Male,1998,0.099280841,0.320097897,0.064780329
Southern Latin America,Brazil,Male,1999,0.102763133,0.317398901,0.065616449
Southern Latin America,Brazil,Male,2000,0.106418569,0.314683357,0.066462492
Southern Latin America,Brazil,Female,1990,0.058883914,0.311505598,0.063482667
Southern Latin America,Brazil,Female,1991,0.061788654,0.307808197,0.064127321
Southern Latin America,Brazil,Female,1992,0.064834155,0.303915921,0.064730181
Southern Latin America,Brazil,Female,1993,0.068024149,0.299867041,0.065352875
Southern Latin America,Brazil,Female,1994,0.07136778,0.295709666,0.065992774
Southern Latin America,Brazil,Female,1995,0.074883805,0.291446554,0.066662568
Southern Latin America,Brazil,Female,1996,0.078411181,0.287148109,0.067310819
Southern Latin America,Brazil,Female,1997,0.082013217,0.282788856,0.068011094
Southern Latin America,Brazil,Female,1998,0.085657956,0.278424192,0.068756137
Southern Latin America,Brazil,Female,1999,0.089290066,0.273954021,0.06953811
Southern Latin America,Brazil,Female,2000,0.092849625,0.269403703,0.070371832
Southern Latin America,Paraguay,Male,1990,0.132487728,0.303863941,0.044031314
Southern Latin America,Paraguay,Male,1991,0.136052064,0.304597898,0.045644861
Southern Latin America,Paraguay,Male,1992,0.139463189,0.305581128,0.04730517
Southern Latin America,Paraguay,Male,1993,0.143027647,0.306637806,0.049007918
Southern Latin America,Paraguay,Male,1994,0.146736434,0.307656841,0.050737639
Southern Latin America,Paraguay,Male,1995,0.150568521,0.308737969,0.052503151
Southern Latin America,Paraguay,Male,1996,0.154305869,0.309656956,0.054209705
Southern Latin America,Paraguay,Male,1997,0.158178541,0.310438125,0.055891575
Southern Latin America,Paraguay,Male,1998,0.162033231,0.311116118,0.057577727
Southern Latin America,Paraguay,Male,1999,0.16589983,0.31150353,0.059202259
Southern Latin America,Paraguay,Male,2000,0.169963639,0.311327428,0.060791903
Southern Latin America,Paraguay,Female,1990,0.10021331,0.256323891,0.046436964
Southern Latin America,Paraguay,Female,1991,0.104502711,0.255850677,0.047847566
Southern Latin America,Paraguay,Female,1992,0.108749485,0.255429796,0.049262595
Southern Latin America,Paraguay,Female,1993,0.11304296,0.254973511,0.050668487
Southern Latin America,Paraguay,Female,1994,0.117408923,0.254463336,0.052063115
Southern Latin America,Paraguay,Female,1995,0.12187465,0.253932706,0.053465831
Southern Latin America,Paraguay,Female,1996,0.126181346,0.253279284,0.054824348
Southern Latin America,Paraguay,Female,1997,0.130472384,0.252539031,0.056175184
Southern Latin America,Paraguay,Female,1998,0.134712682,0.251647278,0.057547159
Southern Latin America,Paraguay,Female,1999,0.138883442,0.250457091,0.058916544
Southern Latin America,Paraguay,Female,2000,0.143073696,0.248922606,0.06031539